cycle,specific_capacity
1,3.450266
2,3.706767
3,3.839623
4,3.782258
5,3.727377
6,3.765349
7,3.831967
8,3.725574
9,3.701738
10,3.786007
11,3.811592
12,3.714763
13,3.704924
14,3.736904
15,3.73504
16,3.729462
17,3.741632
18,3.73046
19,3.738563
20,3.728644
21,3.743038
22,3.732353
23,3.733239
24,3.729922
25,3.740389
26,3.721945
27,3.717933
28,3.728573
29,3.732395
30,3.729857
31,3.720274
32,3.732211
33,3.733282
34,3.725746
35,3.702679
36,3.728139
37,3.725922
38,3.722458
39,3.717959
40,3.731469
41,3.694326
42,3.691345
43,3.694623
44,3.730497
45,3.711238
46,3.692807
47,3.716924
48,3.736014
49,3.731671
50,3.715372
51,3.729248
52,3.712836
53,3.720011
54,3.718561
55,3.721981
56,3.719003
57,3.708082
58,3.715413
59,3.675598
60,3.664678
61,3.668046
62,3.658201
63,3.680769
64,3.714197
65,3.708253
66,3.714148
67,3.718591
68,3.708497
69,3.709551
70,3.715109
71,3.719866
72,3.687467
73,3.674258
74,3.665376
75,3.713359
76,3.70517
77,3.708186
78,3.714847
79,3.675882
80,3.647468
